序號,分類,名稱,網址
1,學習資源,freeCodeCamp 免費程式課程,https://github.com/freeCodeCamp/freeCodeCamp
2,學習資源,Web 開發入門 24 堂課 (Microsoft),https://github.com/microsoft/Web-Dev-For-Beginners
3,學習資源,AI 入門課程 (Microsoft),https://github.com/microsoft/AI-For-Beginners
4,學習資源,機器學習入門 (Microsoft),https://github.com/microsoft/ML-For-Beginners
5,學習資源,程式設計面試大學,https://github.com/jwasham/coding-interview-university
6,學習資源,自學電腦科學路線圖,https://github.com/ossu/computer-science
7,學習資源,開發者學習路線圖,https://github.com/kamranahmedse/developer-roadmap
8,Python,Python 演算法大全,https://github.com/TheAlgorithms/Python
9,Python,Python 官方原始碼 CPython,https://github.com/python/cpython
10,Python,Python 100 天從新手到大師,https://github.com/jackfrued/Python-100-Days
11,網頁設計,Bootstrap 網頁框架,https://github.com/twbs/bootstrap
12,網頁設計,Vue.js 前端框架,https://github.com/vuejs/core
13,網頁設計,React 前端函式庫,https://github.com/facebook/react
14,網頁設計,Animate.css 動畫效果,https://github.com/animate-css/animate.css
15,工具軟體,VS Code 程式編輯器,https://github.com/microsoft/vscode
16,工具軟體,Scratch 圖形化程式 GUI,https://github.com/scratchfoundation/scratch-gui
17,工具軟體,Excalidraw 手繪白板,https://github.com/excalidraw/excalidraw
18,工具軟體,Oh My Zsh 終端機美化,https://github.com/ohmyzsh/ohmyzsh
19,開源精選,超棒清單 Awesome,https://github.com/sindresorhus/awesome
20,開源精選,免費程式設計書籍,https://github.com/EbookFoundation/free-programming-books
21,開源精選,公共 API 清單,https://github.com/public-apis/public-apis
22,開源精選,系統設計入門,https://github.com/donnemartin/system-design-primer
23,GitHub 教學,GitHub Skills 互動課程,https://github.com/skills/introduction-to-github
24,GitHub 教學,GitHub Pages 架站教學,https://github.com/skills/github-pages
25,GitHub 教學,第一次貢獻開源專案,https://github.com/firstcontributions/first-contributions
